<?xml version='1.0' encoding='UTF-8' ?>
<timeLogEntries>
  <time id="1" path="/Non Project/PSP for Engineers/Student Profile" start="@1537229097154" delta="4" />
  <time id="2" path="/Lab2/PSP0/Code" start="@1537229368193" delta="189" />
  <time id="3" path="/Lab2/PSP0/Code" start="@1537243900182" delta="115" />
  <time id="4" path="/Lab2/PSP0/Code" start="@1537285851985" delta="90" />
  <time id="5" path="/Lab2/PSP0/Code" start="@1537324165152" delta="166" />
  <time id="6" path="/Lab2/PSP0/Code" start="@1537368908972" delta="79" />
  <time id="7" path="/Lab2/PSP0/Code" start="@1537404307002" delta="333" />
  <time id="8" path="/Lab2/PSP0/Code" start="@1537477863602" delta="70" />
  <time id="9" path="/Lab2/PSP0/Code" start="@1537483405484" delta="90" />
  <time id="10" path="/Lab2/PSP0/Code" start="@1537490763686" delta="1" />
  <time id="11" path="/Lab2/PSP0/Code" start="@1537491055260" delta="135" />
  <time id="12" path="/Lab2/PSP0/Code" start="@1537502652767" delta="22" />
  <time id="13" path="/Lab2/PSP0/Code" start="@1537504160355" delta="2" />
  <time id="14" path="/Lab3/PSP0/Planning" start="@1540315494761" delta="76" interrupt="4" />
  <time id="15" path="/Lab3/PSP0/Planning" start="@1540330280063" delta="19" />
  <time id="16" path="/Lab3/PSP0/Design" start="@1540331409965" delta="136" />
  <time id="17" path="/Lab3/PSP0/Design" start="@1540388512578" delta="6" />
  <time id="18" path="/Lab3/PSP0/Design" start="@1540389187857" delta="45" />
  <time id="19" path="/Lab3/PSP0/Code" start="@1540391882910" delta="63" />
  <time id="20" path="/Lab3/PSP0/Code" start="@1540397111633" delta="30" />
  <time id="21" path="/Lab3/PSP0/Code" start="@1540406238442" delta="251" />
  <time id="22" path="/Lab3/PSP0/Code" start="@1540429561567" delta="115" />
  <time id="23" path="/Lab3/PSP0/Code" start="@1540482978667" delta="72" />
  <time id="24" path="/Lab3/PSP0/Code" start="@1540489492708" delta="1" />
  <time id="25" path="/Lab3/PSP0/Compile" start="@1540491180657" delta="38" />
</timeLogEntries>
