<?xml version='1.0' encoding='UTF-8' ?>
<timeLogEntries>
  <time path="/new&#10;/AppFIBA" flag="R" />
  <time id="12" path="/AppFIBA/PSP0/Code" start="@1540313458597" delta="493" interrupt="67" flag="A" />
  <time id="13" path="/AppFIBA/PSP0/Design" start="@1540347113048" delta="96" flag="A" />
  <time id="14" path="/AppFIBA/PSP0/Planning" start="@1540352908105" delta="5" flag="A" />
  <time id="15" path="/AppFIBA/PSP0/Code" start="@1540389060646" delta="113" flag="A" />
  <time id="16" path="/AppFIBA/PSP0/Code" start="@1540413894600" delta="358" flag="A" />
  <time id="17" path="/AppFIBA/PSP0/Planning" start="@1540435389211" delta="90" flag="A" />
  <time id="18" path="/AppFIBA/PSP0/Design" start="@1540440786680" delta="98" flag="A" />
  <time id="19" path="/AppFIBA/PSP0/Code" start="@1540447393745" delta="23" flag="A" />
  <time id="20" path="/AppFIBA/PSP0/Code" start="@1540481367015" delta="26" flag="A" />
  <time id="21" path="/AppFIBA/PSP0/Code" start="@1540482939061" delta="135" flag="A" />
  <time id="22" path="/AppFIBA/PSP0/Compile" start="@1540491180646" delta="308" flag="A" />
  <time id="23" path="/AppFIBA/PSP0/Code" start="@1540509681437" delta="47" flag="A" />
  <time id="24" path="/AppFIBA/PSP0/Code" start="@1540512538548" delta="41" flag="A" />
</timeLogEntries>
